{
    "version": "2.0",
    "concurrency": { 
        "dynamicConcurrencyEnabled": true, 
        "snapshotPersistenceEnabled": true 
    },
    "extensions": {
        "http": {
            "routePrefix": ""
        },
        "queues": {
            "messageEncoding": "none",
            "maxPollingInterval": "00:02:00",
            "visibilityTimeout" : "00:10:00"
        }
    },
    "extensionBundle": {
        "id": "Microsoft.Azure.Functions.ExtensionBundle",
        "version": "[4.*, 5.0.0)"
    },
    "functionTimeout": "00:10:00",
    "logging": {
        "fileLoggingMode": "always",
        "applicationInsights": {
            "samplingSettings": {
                "isEnabled": false
            }
        },
        "logLevel": {
            "default": "Information",
            "Function": "Information"
        }
    }
}